{
  "0": [
    149.580078125, 77.03125, 97.451171875, 52.12890625, 15, 41.005859375,
    44.658203125, 30.380859375, 33.53515625
  ],
  "1": [
    107.9765625, 71.91796875, 57.97265625, 50.00390625, 13, 27.09375,
    25.1015625, 23.30859375, 32.47265625
  ],
  "2": [
    132.6796875, 68.33203125, 76.69921875, 55.98046875, 14, 20.71875,
    48.2109375, 37.8515625, 25.8984375
  ],
  "3": [
    123.37332589285714, 55.21205357142857, 76.13002232142857, 47.24330357142857,
    14, 25.756138392857142, 43.40122767857143, 20.633370535714285,
    33.582589285714285
  ],
  "4": [
    133.974609375, 55.283203125, 87.98828125, 45.986328125, 16, 21.9140625,
    44.326171875, 26.5625, 41.171875
  ],
  "5": [
    136.18024553571428, 78.12220982142857, 91.21372767857143,
    44.966517857142854, 14, 48.950892857142854, 36.42857142857143,
    20.206473214285715, 30.594308035714285
  ],
  "6": [
    158.876953125, 88.154296875, 107.080078125, 51.796875, 15, 51.796875,
    43.330078125, 27.392578125, 36.357421875
  ],
  "7": [
    98.3642578125, 50.302734375, 75.9521484375, 22.412109375, 14, 20.1708984375,
    50.302734375, 19.423828125, 8.466796875
  ],
  "8": [
    167.841796875, 89.6484375, 110.56640625, 57.275390625, 15, 46.5673828125,
    50.302734375, 34.365234375, 36.6064453125
  ],
  "9": [
    158.37890625, 78.69140625, 114.55078125, 43.828125, 15, 48.80859375,
    53.7890625, 20.91796875, 34.86328125
  ],
  "p": [
    147.421875, 92.802734375, 70.72265625, 76.69921875, 15, 31.54296875,
    27.2265625, 55.44921875, 33.203125
  ],
  "r": [
    64.1484375, 52.79296875, 43.23046875, 20.91796875, 10, 24.10546875,
    13.1484375, 26.89453125, 0
  ],
  "u": [
    110.234375, 56.4453125, 52.12890625, 58.10546875, 14, 20.25390625,
    19.921875, 33.203125, 36.85546875
  ],
  "y": [
    117.91259765625, 78.81591796875, 56.90185546875, 61.0107421875, 15.875,
    20.91796875, 22.1630859375, 50.0537109375, 24.77783203125
  ],
  "c": [
    90.64453125, 55.78125, 47.48046875, 43.1640625, 13, 21.9140625, 19.58984375,
    28.388671875, 20.751953125
  ],
  "e": [
    135.80078125, 74.375, 90.478515625, 45.322265625, 15, 27.2265625,
    33.701171875, 38.515625, 36.357421875
  ],
  "w": [
    153.896484375, 82.177734375, 91.640625, 62.255859375, 22, 35.859375,
    35.859375, 41.337890625, 40.83984375
  ],
  "m": [
    169.169921875, 94.9609375, 107.24609375, 61.923828125, 23, 46.318359375,
    43.1640625, 35.1953125, 44.4921875
  ],
  "f": [
    98.61328125, 70.72265625, 77.6953125, 20.91796875, 11, 31.875, 39.84375,
    17.9296875, 8.96484375
  ],
  "k": [
    133.2275390625, 98.61328125, 84.9169921875, 48.310546875, 14, 51.5478515625,
    20.419921875, 39.5947265625, 21.6650390625
  ],
  "x": [
    106.58203125, 57.939453125, 55.947265625, 50.634765625, 16, 22.578125,
    25.400390625, 29.384765625, 29.21875
  ],
  "o": [
    114.384765625, 60.263671875, 62.08984375, 52.294921875, 15, 23.57421875,
    26.5625, 30.712890625, 33.53515625
  ],
  "v": [
    94.03125, 51.3984375, 54.984375, 39.046875, 16, 21.31640625, 21.71484375,
    25.5, 25.5
  ],
  "h": [
    131.62667410714286, 80.96819196428571, 90.50223214285714,
    41.124441964285715, 14, 51.654575892857146, 26.89453125, 26.467633928571427,
    26.609933035714285
  ],
  "n": [
    110.56640625, 59.931640625, 69.7265625, 40.83984375, 14, 30.546875,
    27.55859375, 26.396484375, 26.064453125
  ],
  "j": [
    76.69921875, 32.87109375, 34.86328125, 41.8359375, 6, 0, 29.1357421875,
    9.7119140625, 37.8515625
  ],
  "t": [
    98.9453125, 69.7265625, 62.75390625, 36.19140625, 11, 39.51171875,
    17.265625, 23.57421875, 18.59375
  ],
  "q": [
    146.97916666666666, 60.540364583333336, 70.27994791666667, 76.69921875, 15,
    24.127604166666668, 34.19921875, 30.657552083333332, 57.994791666666664
  ],
  "d": [
    147.919921875, 59.765625, 89.8974609375, 58.0224609375, 15, 23.6572265625,
    54.287109375, 30.1318359375, 39.84375
  ],
  "s": [
    100.107421875, 59.267578125, 57.7734375, 42.333984375, 12, 28.88671875,
    15.9375, 21.9140625, 33.369140625
  ],
  "b": [
    146.923828125, 92.63671875, 89.6484375, 57.275390625, 15, 51.796875,
    26.89453125, 35.859375, 32.373046875
  ],
  "g": [
    166.47216796875, 76.69921875, 68.73046875, 97.74169921875, 15,
    23.28369140625, 33.6181640625, 44.82421875, 64.74609375
  ],
  "a": [
    133.974609375, 68.232421875, 74.70703125, 59.267578125, 14, 18.92578125,
    30.87890625, 40.341796875, 43.828125
  ],
  "i": [
    54.78515625, 36.85546875, 33.8671875, 20.91796875, 3, 9.9609375, 17.9296875,
    8.96484375, 17.9296875
  ]
}
