{"0":[132.87890625,69.328125,83.87109375,49.0078125,15,35.66015625,36.2578125,29.68359375,31.27734375],"1":[85.4150390625,56.77734375,46.5673828125,38.84765625,11,18.1787109375,22.6611328125,17.431640625,27.1435546875],"2":[109.90234375,55.78125,56.77734375,53.125,14,11.62109375,39.1796875,36.19140625,22.91015625],"3":[101.6015625,38.349609375,63.75,37.8515625,13,19.921875,36.85546875,11.455078125,33.369140625],"4":[115.21484375,39.84375,67.40234375,47.8125,15,16.93359375,40.5078125,17.9296875,39.84375],"6":[128.994140625,74.208984375,81.6796875,47.314453125,15,39.84375,29.8828125,28.88671875,30.380859375],"7":[85.4150390625,49.0576171875,63.5009765625,21.9140625,13,17.431640625,41.0888671875,24.90234375,1.9921875],"8":[155.390625,79.6875,98.61328125,56.77734375,15,39.84375,42.83203125,32.87109375,39.84375],"9":[127.87353515625,62.13134765625,92.76123046875,35.1123046875,14.75,37.6025390625,37.22900390625,18.427734375,34.6142578125],"t":[68.73046875,56.15478515625,41.46240234375,27.26806640625,8,21.29150390625,14.443359375,16.435546875,16.56005859375],"n":[106.9140625,56.11328125,59.765625,47.1484375,13,24.90234375,22.91015625,29.21875,29.8828125],"o":[95.82421875,52.79296875,47.4140625,48.41015625,14,18.52734375,17.1328125,30.28125,29.8828125],"e":[95.53444602272727,55.87180397727273,60.49005681818182,35.04438920454545,13,15.575284090909092,19.106889204545453,34.59161931818182,26.26065340909091],"k":[107.080078125,83.671875,61.259765625,45.8203125,15,39.345703125,10.95703125,39.84375,16.93359375],"u":[106.58203125,52.294921875,46.318359375,60.263671875,13,17.1826171875,17.1826171875,33.1201171875,39.0966796875],"c":[64.248046875,44.82421875,31.875,32.373046875,11,14.443359375,11.455078125,26.396484375,11.953125],"p":[130.88671875,83.87109375,57.57421875,73.3125,14,24.90234375,20.71875,54.984375,30.28125],"h":[125.5078125,76.201171875,78.69140625,46.81640625,13,44.82421875,21.9140625,29.384765625,29.384765625],"a":[107.578125,53.7890625,42.83203125,64.74609375,14,11.953125,19.921875,35.859375,39.84375],"q":[132.314453125,54.951171875,55.78125,76.533203125,14,18.095703125,26.064453125,33.037109375,55.1171875],"r":[58.76953125,50.80078125,35.361328125,23.408203125,9,19.423828125,9.9609375,29.384765625,0],"s":[80.68359375,44.4921875,40.17578125,40.5078125,11,19.921875,9.9609375,17.59765625,33.203125],"f":[84.66796875,69.0625,62.75390625,21.9140625,11,36.19140625,20.5859375,27.890625,0],"b":[133.078125,86.0625,77.6953125,55.3828125,14,44.82421875,20.91796875,37.25390625,30.08203125],"x":[79.521484375,40.83984375,41.337890625,38.18359375,13.833333333333334,17.265625,15.439453125,19.2578125,27.55859375],"w":[151.40625,79.189453125,78.193359375,73.212890625,23,26.89453125,30.380859375,48.310546875,45.8203125],"g":[146.923828125,69.228515625,56.279296875,90.64453125,14,18.427734375,25.8984375,44.82421875,57.7734375],"v":[75.56082589285714,46.674107142857146,40.555245535714285,35.005580357142854,15,17.502790178571427,13.233816964285714,25.329241071428573,19.494977678571427],"j":[79.6875,9.9609375,30.87890625,48.80859375,9,0,24.90234375,7.96875,46.81640625],"i":[56.0302734375,37.353515625,32.373046875,23.6572265625,3,8.96484375,17.431640625,9.9609375,19.6728515625],"y":[87.65625,58.76953125,38.349609375,49.306640625,16,16.93359375,11.455078125,37.8515625,21.416015625],"m":[163.359375,92.63671875,93.6328125,69.7265625,21,37.8515625,37.8515625,39.84375,47.8125],"d":[138.45703125,56.77734375,78.69140625,59.765625,14,18.92578125,47.8125,33.8671875,37.8515625]}